request_id,admission_ns,coordinator.coordinator_stream_received,coordinator.request_admission,coordinator.stage_stream_chunk_received#0,coordinator.stage_stream_chunk_received#1,coordinator.stage_stream_chunk_received#2,coordinator.stage_stream_chunk_received#3,coordinator.terminal_response,preprocessing.stage_complete,preprocessing.stage_dispatch,preprocessing.stage_hop_sent,preprocessing.stage_input_received,tts_engine.model_path_end,tts_engine.model_path_start,tts_engine.scheduler_first_emit,tts_engine.scheduler_prefill_end,tts_engine.scheduler_prefill_start,tts_engine.scheduler_queue_enter,tts_engine.scheduler_request_build_end,tts_engine.scheduler_request_build_start,tts_engine.stage_aggregate_ready,tts_engine.stage_complete,tts_engine.stage_dispatch,tts_engine.stage_first_stream_chunk_sent#0,tts_engine.stage_hop_sent,tts_engine.stage_input_received,tts_engine.stage_stream_chunk_sent#0,tts_engine.stage_stream_chunk_sent#1,tts_engine.stage_stream_chunk_sent#2,tts_engine.stage_stream_chunk_sent#3,vocoder.stage_aggregate_ready,vocoder.stage_complete,vocoder.stage_dispatch,vocoder.stage_first_stream_chunk_sent#0,vocoder.stage_input_received,vocoder.stage_stream_chunk_received#0,vocoder.stage_stream_chunk_received#1,vocoder.stage_stream_chunk_received#2,vocoder.stage_stream_chunk_received#3,vocoder.stage_stream_chunk_sent#0,vocoder.stage_stream_chunk_sent#1,vocoder.stage_stream_chunk_sent#2,vocoder.stage_stream_chunk_sent#3
speech-47fff67b-bd2e-4232-ab94-f4d0636474e8,1790740423436958424,48.981,0.0,49.029,57.79,69.085,111.549,265.732,5.464,0.676,5.52,0.537,255.729,7.988,15.814,15.691,8.04,6.477,6.341,5.824,5.568,256.05,5.583,16.155,256.107,5.547,16.194,21.849,28.658,33.673,256.15,265.57,256.166,48.561,256.131,16.272,21.886,28.849,33.787,48.657,57.496,68.805,111.087
speech-3434917c-d7bd-40f1-80ca-afcfdc72cd94,1790740424455542164,60.978,0.0,61.011,71.278,89.496,144.736,314.6,4.741,0.516,4.801,0.456,304.92,6.583,12.937,12.808,6.637,5.496,5.379,5.118,4.873,305.188,4.889,13.336,305.249,4.844,13.378,19.27,27.082,35.014,305.3,314.394,305.322,60.612,305.276,13.409,19.309,27.117,35.095,60.705,70.843,89.179,144.5
speech-01022c95-227b-4fd7-9bfa-fddad06a3e7c,1790740424474909091,93.118,0.0,93.144,105.459,121.004,139.129,454.875,13.816,0.32,14.033,0.285,445.12,18.436,27.976,27.831,18.53,16.084,15.85,15.052,14.101,445.304,14.121,28.166,445.343,14.074,28.215,45.179,52.579,58.469,445.38,454.715,445.396,92.929,445.363,28.25,45.202,52.599,58.514,92.957,105.08,120.769,138.824
speech-d2e186d4-ddde-40e6-b146-d070b8e6f6be,1790740424476541119,91.58,0.0,91.598,103.933,119.458,137.62,281.154,16.348,0.288,16.454,0.258,277.351,30.038,36.419,36.304,30.106,28.251,28.09,27.529,16.514,277.518,16.533,36.79,277.554,16.489,36.839,43.595,50.989,56.939,277.601,280.969,277.617,91.414,277.583,36.867,43.615,51.007,56.967,91.434,103.685,119.254,137.367
speech-58683559-71cd-446b-bd2c-30f2fdcdfa1f,1790740425026357608,40.465,0.0,40.493,50.146,60.639,108.03,332.333,4.565,0.28,4.6,0.24,322.731,6.237,12.36,12.231,6.29,5.269,5.154,4.839,4.638,322.905,4.652,12.756,322.942,4.621,12.83,18.604,24.31,30.236,322.98,332.167,322.995,40.223,322.962,12.871,18.654,24.352,30.278,40.26,49.908,60.435,107.8
speech-143993c0-0225-4c90-9b0f-73b6c0a4a6e3,1790740426657884299,43.535,0.0,43.577,54.443,64.508,109.5,316.521,5.009,0.463,5.058,0.408,306.632,7.166,13.768,13.651,7.221,5.905,5.769,5.364,5.107,306.896,5.131,14.207,306.943,5.085,14.25,19.904,25.767,31.717,306.985,316.348,307.003,43.181,306.966,14.285,19.992,25.833,31.782,43.259,54.183,64.217,109.21
speech-b8cd30ae-7e24-4ca4-9a78-86d7f8f9c83e,1790740427330399319,40.053,0.0,40.087,49.903,60.556,107.96,226.405,4.377,0.366,4.454,0.303,216.568,6.069,12.039,11.925,6.121,5.163,5.036,4.754,4.514,216.786,4.532,12.434,216.834,4.484,12.484,18.113,24.118,30.214,216.877,226.245,216.893,39.8,216.856,12.519,18.171,24.214,30.332,39.849,49.646,60.345,107.685
speech-d85ab48e-05d5-42ff-a9e8-bf943b99eb7d,1790740428085937470,43.899,0.0,43.939,52.966,65.344,107.787,279.257,4.359,0.365,4.398,0.31,269.456,6.09,12.258,12.141,6.141,5.113,4.997,4.675,4.443,269.659,4.458,12.557,269.705,4.423,12.595,18.527,24.155,30.094,269.745,279.091,269.761,43.648,269.727,12.622,18.629,24.195,30.132,43.694,52.738,65.044,107.535
speech-24d8417b-b312-4a97-b836-d678f72f22b7,1790740430905631483,44.487,0.0,44.521,54.428,64.168,109.589,156.72,4.776,0.537,4.857,0.448,153.318,6.901,13.957,13.838,6.954,5.683,5.559,5.179,4.934,153.526,4.953,14.371,153.567,4.888,14.428,20.003,25.991,31.801,153.603,156.537,153.619,44.203,153.587,14.466,20.064,26.051,31.845,44.246,54.165,63.941,109.338
speech-0c575566-4b4e-4ffe-9e79-9e130ddcb5ed,1790740436966241661,44.708,0.0,44.744,55.379,67.966,110.436,228.897,5.097,0.523,5.139,0.447,218.915,7.473,14.694,14.571,7.529,6.015,5.879,5.451,5.191,219.15,5.221,15.035,219.234,5.171,15.071,20.691,26.59,32.47,219.284,228.741,219.3,44.317,219.263,15.099,20.724,26.704,32.496,44.354,55.114,67.678,110.162
speech-c8d8a415-fa56-46ad-b2c3-d2927e63fa3b,1790740440248827292,79.687,0.0,79.72,89.464,99.011,130.665,322.179,9.298,0.461,9.33,0.394,311.764,19.445,28.929,28.788,19.52,17.122,17.001,16.683,9.366,311.954,9.387,29.452,311.997,9.349,29.654,35.114,41.074,48.888,312.068,321.973,312.085,79.525,312.047,29.778,35.137,41.098,48.91,79.554,89.238,98.804,130.404
speech-055b461f-dfb5-471c-967f-a1c1884320b0,1790740440249026859,50.859,0.0,50.899,61.274,78.99,130.338,267.646,6.089,0.398,6.127,0.372,257.468,8.342,15.437,15.307,8.398,7.02,6.85,6.438,6.172,257.699,6.199,15.745,257.756,6.152,15.776,34.823,40.783,48.615,257.802,267.448,257.82,50.551,257.782,15.808,34.871,40.834,48.653,50.611,60.947,78.776,129.923
speech-704c0cac-f4bc-4313-a32d-62320642aa17,1790740442518835776,42.151,0.0,42.186,54.103,62.996,120.67,209.178,5.346,0.439,5.451,0.373,199.43,7.493,13.907,13.789,7.557,6.352,6.22,5.855,5.513,199.623,5.532,14.242,199.668,5.487,14.284,20.031,25.932,31.902,199.709,208.999,199.725,41.901,199.691,14.318,20.073,25.966,31.931,41.93,53.753,62.664,120.304
speech-9ff7ab5e-9761-4862-bd52-90acc73717bc,1790740442589326428,51.266,0.0,51.302,60.881,71.618,120.249,239.322,7.197,0.356,7.402,0.323,229.817,16.02,22.095,21.981,16.071,13.1,12.979,12.58,7.477,230.001,7.497,22.416,230.042,7.441,22.453,28.312,34.338,40.272,230.079,239.151,230.094,51.047,230.062,22.483,28.331,34.364,40.291,51.085,60.651,71.428,119.912
speech-90796914-f955-41d0-863f-4d981c908f7b,1790740443661003231,42.011,0.0,42.051,53.492,63.374,108.623,185.562,4.19,0.343,4.228,0.298,175.916,6.006,12.953,12.838,6.058,4.925,4.8,4.497,4.269,176.096,4.283,13.383,176.134,4.252,13.446,19.058,24.937,30.933,176.173,185.377,176.189,41.797,176.156,13.527,19.091,24.965,30.966,41.82,53.248,63.17,108.23
speech-41749651-ec05-4c01-8615-52aba253e1d9,1790740444509006252,41.853,0.0,41.886,51.664,61.875,108.865,439.638,5.062,0.523,5.114,0.409,429.813,7.059,13.447,13.32,7.113,5.928,5.805,5.434,5.178,430.103,5.193,13.882,430.156,5.142,13.941,19.775,25.524,31.524,430.197,439.446,430.212,41.605,430.178,13.978,19.839,25.637,31.622,41.634,51.388,61.667,108.642
speech-acf85fb1-4472-49ea-8af1-259dd80f0741,1790740447660429211,44.67,0.0,44.709,56.113,66.089,111.17,524.128,6.227,0.479,6.268,0.398,514.249,8.51,15.495,15.375,8.574,7.005,6.881,6.549,6.313,514.513,6.326,15.846,514.568,6.294,15.884,21.565,27.662,33.522,514.609,523.92,514.627,44.401,514.591,15.915,21.597,27.78,33.566,44.426,55.874,65.792,110.866
speech-bd53344e-d6b1-48ab-a60c-87e56ae9f7c0,1790740448011766454,47.881,0.0,47.924,58.751,69.227,117.95,274.247,6.217,0.335,6.266,0.3,264.376,13.645,19.645,19.529,13.701,10.612,10.49,10.108,6.306,264.6,6.321,19.852,264.64,6.289,19.884,25.928,31.845,37.79,264.681,274.044,264.698,47.609,264.661,19.911,25.947,31.865,37.81,47.657,58.218,69.002,117.639
speech-9e70ca78-b838-4435-aa0d-13fc90459196,1790740448318546347,39.674,0.0,39.714,49.126,60.396,107.734,173.192,4.323,0.274,4.381,0.247,163.586,5.968,11.918,11.797,6.017,5.109,4.984,4.673,4.431,163.811,4.446,12.208,163.851,4.411,12.241,18.079,24.001,30.259,163.89,173.02,163.912,39.459,163.873,12.268,18.109,24.03,30.309,39.504,48.621,60.163,107.516
speech-58db769f-ac76-4e4f-83d7-b663bf87f625,1790740449812644549,40.599,0.0,40.635,51.229,70.935,123.1,302.213,4.591,0.51,4.652,0.458,292.623,6.321,12.363,12.246,6.373,5.349,5.231,4.917,4.701,292.791,4.717,12.75,292.898,4.681,12.796,18.487,24.312,30.363,292.936,301.99,292.95,40.366,292.92,12.885,18.524,24.346,30.392,40.396,50.98,70.657,122.845
speech-2e8f76df-0550-4236-b3b8-cd6163dab429,1790740449847838498,48.872,0.0,48.907,58.651,69.288,117.68,255.253,7.128,0.29,7.168,0.242,243.565,13.254,19.7,19.567,13.305,10.526,10.288,9.219,7.204,243.761,7.217,19.975,243.822,7.188,20.006,25.869,32.148,39.065,243.951,255.085,243.968,48.685,243.926,20.076,25.889,32.174,39.089,48.711,58.427,69.081,117.43
speech-77725348-f682-468b-9df7-a435eb25d45d,1790740449984735668,48.526,0.0,48.561,61.009,72.198,117.999,372.584,6.172,0.235,6.203,0.209,362.767,11.582,17.48,17.364,11.64,8.7,8.589,8.197,6.237,363.068,6.25,17.668,363.145,6.222,17.695,24.277,30.031,35.8,363.197,372.418,363.216,48.321,363.175,17.726,24.296,30.05,35.818,48.364,60.776,71.932,117.756
speech-df089aad-b418-4545-808e-a50c8cf109ed,1790740451014487281,39.563,0.0,39.598,49.116,59.716,106.906,201.806,4.165,0.289,4.198,0.25,192.003,5.697,11.595,11.479,5.747,4.807,4.699,4.424,4.235,192.17,4.248,11.878,192.208,4.218,11.91,17.7,23.552,29.509,192.247,201.625,192.263,39.351,192.229,11.939,17.731,23.585,29.617,39.379,48.909,59.441,106.674
speech-643d4ca0-de98-4257-926f-43fd7cb593ae,1790740451789357663,39.57,0.0,39.605,48.535,60.058,107.148,201.837,4.166,0.381,4.203,0.288,192.052,5.721,11.628,11.513,5.772,4.834,4.724,4.471,4.243,192.238,4.258,11.953,192.284,4.226,11.988,17.717,23.721,29.615,192.337,201.635,192.354,39.217,192.308,12.015,17.752,23.75,29.643,39.323,48.3,59.819,106.859
speech-7b86fb41-f8f2-4894-bb74-122bc366419d,1790740453528317664,39.632,0.0,39.688,49.177,60.03,107.325,125.784,4.268,0.514,4.338,0.384,116.146,5.95,11.93,11.814,6.005,4.986,4.877,4.595,4.386,116.355,4.402,12.221,116.406,4.367,12.265,17.999,23.856,29.924,116.45,125.621,116.467,39.339,116.431,12.294,18.036,23.885,29.993,39.381,48.938,59.833,107.095
speech-30010742-22b9-4d8c-b10a-c297cbe531bf,1790740453940837342,42.203,0.0,42.237,52.237,64.873,106.972,154.132,3.934,0.306,3.97,0.266,150.883,5.68,11.614,11.491,5.731,4.791,4.661,4.216,4.011,151.065,4.025,11.895,151.104,3.993,11.926,17.651,23.65,29.488,151.144,153.944,151.16,42.001,151.127,11.954,17.682,23.679,29.52,42.025,51.965,64.601,106.734
speech-127a840a-939d-4ee0-b5ef-aa1aa5cdd762,1790740454387688286,40.257,0.0,40.29,49.885,60.486,107.985,421.137,4.483,0.379,4.553,0.314,411.472,6.302,12.32,12.203,6.353,5.438,5.324,4.869,4.603,411.633,4.621,12.657,411.699,4.582,12.694,18.529,24.381,30.241,411.739,420.985,411.758,40.016,411.721,12.724,18.595,24.456,30.277,40.063,49.649,60.295,107.726
speech-0e5a3341-7233-41ee-bcef-b979ede714fd,1790740456241111448,41.375,0.0,41.41,50.829,61.063,108.486,310.256,5.156,0.415,5.195,0.355,300.412,6.909,12.99,12.874,6.973,5.886,5.767,5.458,5.237,300.691,5.251,13.274,300.737,5.218,13.31,19.1,25.095,30.98,300.838,310.104,300.855,41.099,300.817,13.344,19.276,25.144,31.034,41.143,50.585,60.863,108.215
speech-fc7e8e6f-d0ff-47e8-8235-8dba961b5e02,1790740457966609705,44.831,0.0,44.884,55.322,64.889,110.736,299.6,6.713,0.691,6.757,0.591,296.279,8.534,14.791,14.675,8.588,7.513,7.393,7.058,6.803,296.446,6.817,15.081,296.487,6.783,15.122,20.779,26.713,32.753,296.529,299.415,296.544,44.515,296.511,15.15,20.816,26.747,32.788,44.605,55.098,64.601,110.483
speech-8cf07197-b67b-4b10-b068-55e560038b1f,1790740458288814480,39.457,0.0,39.491,48.251,60.156,107.249,408.242,4.222,0.297,4.261,0.249,398.373,5.82,11.707,11.583,5.87,4.959,4.842,4.52,4.307,398.616,4.322,11.98,398.674,4.289,12.017,17.843,23.725,29.742,398.715,408.077,398.731,39.247,398.696,12.085,17.955,23.764,29.8,39.277,47.995,59.941,106.996
speech-041a1541-9627-4cfe-89ec-e3df5ce6b1d4,1790740458498803186,44.241,0.0,44.269,53.897,65.148,113.449,246.012,5.729,0.274,5.783,0.231,236.377,10.077,15.895,15.779,10.129,7.201,6.995,6.421,5.824,236.546,5.839,16.091,236.586,5.805,16.129,22.244,28.052,34.022,236.625,245.836,236.645,44.044,236.607,16.154,22.273,28.085,34.044,44.07,53.662,64.913,113.242
speech-f8987fa9-2833-48b4-89f0-b350d729e06e,1790740459723246635,39.92,0.0,39.954,49.609,60.328,107.766,107.827,4.342,0.363,4.382,0.302,98.157,5.947,11.865,11.75,5.999,5.022,4.91,4.664,4.427,98.334,4.442,12.287,98.372,4.408,12.397,18.222,23.852,29.856,98.41,107.638,98.426,39.712,98.393,12.436,18.267,23.932,29.888,39.737,49.371,60.134,107.536
speech-7ba9afb9-5f7b-4491-b876-3f47cb291f1d,1790740460260912853,43.176,0.0,43.212,53.069,65.375,108.518,361.995,4.869,0.387,4.94,0.331,352.456,6.48,12.37,12.256,6.526,5.618,5.485,5.194,4.987,352.622,5.002,12.725,352.66,4.968,12.782,18.71,24.577,30.269,352.698,361.84,352.714,42.951,352.681,12.816,18.809,24.726,30.307,42.977,52.831,65.176,107.885
speech-15179caf-fa77-4534-b76b-c56bd35acdce,1790740461115858523,40.608,0.0,40.642,50.021,60.609,107.834,202.457,4.573,0.495,4.652,0.391,199.004,6.291,12.444,12.328,6.344,5.347,5.236,4.939,4.698,199.183,4.714,12.844,199.222,4.679,12.886,18.541,24.423,30.599,199.261,202.286,199.278,40.35,199.243,12.917,18.577,24.452,30.629,40.4,49.79,60.399,107.601
speech-8b860745-4b91-40e7-b247-187238dd5593,1790740462164777997,40.975,0.0,41.012,50.628,61.047,109.026,250.291,4.779,0.458,4.853,0.389,240.524,6.653,12.88,12.763,6.717,5.612,5.493,5.156,4.901,240.767,4.917,13.18,240.824,4.88,13.218,18.952,24.888,30.777,240.869,250.087,240.885,40.731,240.849,13.247,18.991,24.924,30.808,40.758,50.403,60.84,108.187
speech-acc74e61-f0e4-4c55-9da3-e2edd10ff03f,1790740463397624751,40.942,0.0,40.98,50.987,61.254,108.626,327.131,4.71,0.308,4.786,0.262,317.601,6.519,12.804,12.687,6.576,5.515,5.396,5.086,4.842,317.785,4.857,13.155,317.828,4.823,13.194,18.896,24.837,30.752,317.867,326.961,317.881,40.727,317.85,13.223,18.932,24.87,30.783,40.751,50.592,61.018,108.323
speech-eb75c1b2-bb11-4533-9135-e66906e98e27,1790740466327426643,44.743,0.0,44.778,55.238,64.845,110.305,435.18,5.526,0.486,5.566,0.416,425.156,7.864,14.731,14.609,7.921,6.356,6.236,5.85,5.609,425.389,5.624,15.119,425.439,5.589,15.16,20.729,26.73,32.605,425.483,434.981,425.5,44.479,425.463,15.192,20.767,26.763,32.635,44.502,54.998,64.654,110.077
speech-e026ffea-55ad-43a9-9c41-b46b460dbeb5,1790740466478015854,47.791,0.0,47.818,57.677,71.18,116.878,373.354,6.502,0.253,6.576,0.227,363.719,13.534,19.531,19.404,13.587,10.542,10.404,10.033,6.626,363.892,6.644,19.804,363.929,6.606,19.84,25.84,31.762,37.656,363.969,373.187,363.984,47.627,363.951,19.863,25.86,31.783,37.675,47.652,57.466,70.914,116.569
speech-fdde7f55-bfaf-4dba-ac43-da0a66054997,1790740467945088657,40.911,0.0,40.949,51.284,61.06,108.285,197.351,4.703,0.471,4.77,0.394,187.438,6.494,12.719,12.601,6.547,5.497,5.373,5.042,4.821,187.607,4.835,13.01,187.648,4.8,13.086,18.726,24.862,30.745,187.686,197.161,187.702,40.665,187.669,13.117,18.763,24.955,30.781,40.695,50.968,60.832,108.053
speech-54eae0cf-ab8d-4756-80a9-56151f40972b,1790740469068945122,39.365,0.0,39.399,48.175,60.293,107.115,201.69,3.955,0.353,4.014,0.294,192.071,5.686,11.659,11.544,5.737,4.724,4.607,4.308,4.06,192.235,4.076,12.018,192.275,4.04,12.087,17.786,23.611,29.604,192.319,201.527,192.334,39.141,192.298,12.117,17.855,23.647,29.636,39.169,47.885,60.031,106.866
speech-d3d51a0b-c7fd-4745-b5c9-13d6ef86acc6,1790740470968001132,41.072,0.0,41.109,50.817,61.145,108.481,291.557,4.455,0.433,4.495,0.369,281.96,6.551,13.033,12.9,6.606,5.267,5.143,4.807,4.536,282.174,4.551,13.367,282.214,4.517,13.404,19.364,25.061,30.905,282.252,291.367,282.268,40.82,282.236,13.433,19.399,25.091,30.934,40.846,50.601,60.951,108.249
speech-a525e18d-cf0b-41b3-a7a2-a1441fa4ddb5,1790740471565560097,41.226,0.0,41.259,50.989,61.57,108.644,327.381,4.384,0.287,4.423,0.242,317.748,6.766,13.066,12.949,6.822,5.467,5.257,4.972,4.473,317.933,4.488,13.39,317.968,4.446,13.425,19.26,25.056,30.99,318.006,327.202,318.02,41.013,317.989,13.453,19.387,25.094,31.022,41.04,50.702,61.343,108.335
speech-22a368c3-6998-4841-b61b-7254df1d50ce,1790740472033672447,40.631,0.0,40.665,49.201,61.147,108.008,279.628,4.529,0.303,4.591,0.263,269.891,6.315,12.504,12.387,6.368,5.394,5.273,4.973,4.641,270.215,4.657,12.84,270.284,4.619,12.937,18.586,24.539,30.61,270.331,279.474,270.363,40.283,270.311,13.008,18.629,24.577,30.645,40.379,48.941,60.913,107.764
speech-7743fae9-f9b5-4c1b-8477-b3765ba22ef8,1790740472852387335,41.045,0.0,41.092,50.986,61.393,108.774,275.35,4.205,0.392,4.246,0.34,265.062,6.871,13.404,13.277,6.924,5.796,5.667,5.367,4.286,265.289,4.3,13.7,265.328,4.269,13.733,19.469,25.36,31.409,265.43,275.232,265.445,40.848,265.409,13.76,19.503,25.39,31.437,40.874,50.775,61.203,108.555
speech-b2bd6057-e6f9-4c46-a661-92ad33ad2f69,1790740473115712101,40.981,0.0,41.014,49.858,61.528,108.718,297.365,4.662,0.287,4.691,0.255,294.097,6.3,13.241,13.112,6.396,5.427,5.309,5.006,4.724,294.273,4.744,13.537,294.31,4.71,13.587,19.335,25.193,31.389,294.347,297.202,294.363,40.726,294.33,13.617,19.391,25.224,31.417,40.804,49.537,61.302,108.487
speech-c65349e1-ea8c-4f84-ae37-2dccd30ee82a,1790740473862037867,41.17,0.0,41.206,50.677,61.661,109.972,286.263,4.152,0.334,4.192,0.279,276.756,5.787,13.539,13.417,5.841,4.834,4.731,4.442,4.234,276.931,4.249,13.834,276.969,4.216,13.87,19.705,25.524,31.883,277.006,286.082,277.021,40.95,276.989,13.897,19.74,25.553,32.025,40.978,50.459,61.465,109.479
speech-77c1adfb-2d22-4840-9b43-4ee725cf8e7c,1790740473967786453,50.105,0.0,50.137,63.467,73.406,119.024,163.875,8.854,0.945,8.919,0.915,151.772,15.859,21.708,21.583,15.912,13.044,12.904,12.365,8.97,151.957,9.003,22.057,151.994,8.948,22.158,27.839,33.913,39.91,152.032,163.71,152.048,49.879,152.015,22.195,27.977,33.933,39.931,49.929,63.267,73.238,118.822
speech-deddbc31-0256-4714-8a6c-f51f87feee15,1790740475616293198,40.853,0.0,40.887,54.131,65.739,108.358,356.832,4.604,0.446,4.647,0.38,346.804,6.465,12.799,12.682,6.518,5.405,5.278,4.937,4.693,346.992,4.707,13.139,347.03,4.672,13.18,19.084,24.782,30.654,347.067,356.685,347.081,40.622,347.051,13.209,19.118,24.813,30.704,40.646,53.755,65.541,107.967
speech-72886b4c-9332-4810-854e-fbfca6a3d440,1790740477895888837,41.618,0.0,41.652,53.475,65.734,108.204,332.776,4.595,0.375,4.633,0.316,323.071,6.478,12.872,12.752,6.531,5.362,5.248,4.895,4.684,323.263,4.699,13.205,323.302,4.657,13.241,19.192,24.897,31.044,323.347,332.609,323.363,41.381,323.322,13.269,19.225,24.931,31.226,41.409,53.262,65.532,107.984
speech-21e98e71-f2a8-4e70-a2a0-941ee66a8d1d,1790740478445567312,40.301,0.0,40.335,49.73,60.194,107.637,226.194,4.197,0.339,4.238,0.285,216.549,5.996,12.045,11.918,6.048,5.015,4.891,4.483,4.28,216.733,4.295,12.343,216.772,4.261,12.379,18.147,23.864,29.83,216.812,226.05,216.826,39.927,216.794,12.406,18.246,23.912,29.861,40.05,49.497,60.005,107.371
speech-41e1f866-9878-4f24-a5cc-451ef6c7503e,1790740481611520843,43.574,0.0,43.607,54.411,66.719,110.182,170.599,5.058,0.417,5.1,0.352,160.485,6.945,13.517,13.399,6.999,5.775,5.658,5.366,5.144,160.64,5.159,13.836,160.678,5.125,13.872,19.563,25.685,31.371,160.714,170.402,160.729,43.315,160.697,13.955,19.597,25.822,31.413,43.348,54.151,66.492,109.886
speech-5d25fff9-b14d-4e93-a2d5-811e3c1e9fbb,1790740481716542041,50.595,0.0,50.625,59.935,71.288,119.523,214.239,7.489,0.5,7.531,0.355,204.523,16.588,22.551,22.437,16.641,13.555,13.434,12.915,7.574,204.708,7.591,22.742,204.748,7.556,22.771,28.865,34.766,40.682,204.787,214.008,204.802,50.394,204.769,22.793,28.89,34.785,40.701,50.418,59.701,71.062,119.305
speech-431df3ac-270e-49c9-aefe-34ba989b6e80,1790740481995202564,39.443,0.0,39.478,48.027,59.924,107.113,314.88,4.164,0.335,4.198,0.299,304.637,5.71,11.631,11.516,5.76,4.841,4.73,4.439,4.236,304.804,4.254,11.825,304.838,4.219,11.938,17.753,23.661,29.6,304.875,314.663,304.89,39.143,304.857,11.965,17.785,23.69,29.624,39.227,47.786,59.69,106.794
speech-7168411e-0674-4267-b7df-b2abb8a695f2,1790740482293006730,45.316,0.0,45.347,54.732,65.393,113.046,207.166,5.66,0.278,5.692,0.253,203.752,10.47,17.377,17.25,10.52,8.058,7.937,7.559,5.727,203.939,5.745,17.85,203.98,5.712,17.986,23.413,29.364,35.257,204.02,206.94,204.035,45.138,204.002,18.037,23.463,29.391,35.286,45.159,54.509,65.198,112.764
speech-1a12dc04-0456-4c3c-8786-589bf0c5dc69,1790740483056993632,38.903,0.0,38.936,47.412,59.233,106.554,183.675,3.82,0.287,3.853,0.258,174.057,5.403,11.234,11.119,5.458,4.506,4.381,4.091,3.891,174.221,3.905,11.611,174.259,3.874,11.644,17.271,23.135,29.398,174.298,183.488,174.318,38.693,174.281,11.667,17.303,23.162,29.43,38.717,47.198,59.027,106.292
speech-d664d015-ad49-4bd2-b7db-add4426527e1,1790740483992881402,39.607,0.0,39.642,48.896,60.141,107.462,361.553,4.129,0.428,4.17,0.365,351.897,5.866,11.955,11.825,5.92,4.858,4.743,4.432,4.214,352.091,4.23,12.247,352.128,4.194,12.281,17.984,23.872,29.827,352.167,361.383,352.182,39.345,352.15,12.308,18.016,23.9,29.854,39.37,48.657,59.932,107.088
speech-f75ca6b6-0386-4ffc-8b37-99c8590ebef8,1790740484528118976,39.378,0.0,39.411,49.992,59.958,107.166,450.699,4.128,0.299,4.167,0.26,441.0,5.757,11.666,11.552,5.809,4.831,4.708,4.415,4.208,441.171,4.223,12.003,441.211,4.189,12.037,17.765,23.536,29.954,441.25,450.491,441.265,39.158,441.232,12.064,17.797,23.563,29.986,39.183,49.715,59.736,106.907
speech-68117bef-6a81-4fd3-adb9-d0ba71f5d026,1790740484652426468,51.467,0.0,51.495,60.439,69.862,116.238,239.195,5.721,0.266,5.781,0.24,227.311,12.759,18.638,18.521,12.81,9.832,9.702,9.106,5.831,227.476,5.865,19.293,227.512,5.809,19.401,24.832,30.767,37.163,227.551,239.031,227.565,51.291,227.534,19.675,24.859,30.793,37.191,51.316,60.228,69.658,115.999
speech-095f1456-dcd3-48c7-becc-c8f85e3a3129,1790740486652245434,41.367,0.0,41.403,51.004,61.586,108.864,333.456,4.797,0.612,4.841,0.54,323.686,6.726,13.23,13.106,6.79,5.59,5.462,5.122,4.888,323.863,4.905,13.583,323.902,4.868,13.622,19.399,25.188,31.21,323.939,333.267,323.954,41.103,323.922,13.652,19.435,25.226,31.243,41.127,50.772,61.373,108.618
speech-a2a230eb-01d6-4b38-8593-3dc3066b4810,1790740487148499391,40.097,0.0,40.126,48.622,60.592,107.941,273.855,4.832,0.332,4.897,0.292,264.247,6.459,12.391,12.277,6.511,5.587,5.472,5.171,4.951,264.423,4.968,12.68,264.461,4.923,12.72,18.485,24.475,30.718,264.501,273.68,264.516,39.813,264.484,12.748,18.547,24.505,30.746,39.883,48.391,60.373,107.687
