request_id,admission_ns,coordinator.coordinator_stream_received,coordinator.request_admission,coordinator.stage_stream_chunk_received#0,coordinator.stage_stream_chunk_received#1,coordinator.stage_stream_chunk_received#2,coordinator.stage_stream_chunk_received#3,coordinator.terminal_response,meta.context,meta.fresh,meta.ref_frames,meta.total_frames,meta.trim,preprocessing.stage_complete,preprocessing.stage_dispatch,preprocessing.stage_hop_sent,preprocessing.stage_input_received,tts_engine.model_path_end,tts_engine.model_path_start,tts_engine.scheduler_first_emit,tts_engine.scheduler_prefill_end,tts_engine.scheduler_prefill_start,tts_engine.scheduler_queue_enter,tts_engine.scheduler_request_build_end,tts_engine.scheduler_request_build_start,tts_engine.stage_aggregate_ready,tts_engine.stage_complete,tts_engine.stage_dispatch,tts_engine.stage_first_stream_chunk_sent#0,tts_engine.stage_hop_sent,tts_engine.stage_input_received,tts_engine.stage_stream_chunk_sent#0,tts_engine.stage_stream_chunk_sent#1,tts_engine.stage_stream_chunk_sent#2,tts_engine.stage_stream_chunk_sent#3,vocoder.diag_batch_start,vocoder.diag_commit_put,vocoder.diag_decode_done,vocoder.diag_initial_enqueued,vocoder.diag_plan_built,vocoder.diag_resolved,vocoder.stage_aggregate_ready,vocoder.stage_complete,vocoder.stage_dispatch,vocoder.stage_first_stream_chunk_sent#0,vocoder.stage_input_received,vocoder.stage_stream_chunk_received#0,vocoder.stage_stream_chunk_received#1,vocoder.stage_stream_chunk_received#2,vocoder.stage_stream_chunk_received#3,vocoder.stage_stream_chunk_sent#0,vocoder.stage_stream_chunk_sent#1,vocoder.stage_stream_chunk_sent#2,vocoder.stage_stream_chunk_sent#3
speech-900c0498-abcc-456c-97ad-bbee20299732,1790725626892004351,49.395,0.0,49.435,61.542,80.666,125.543,281.365,0,58,57,58,57,5.389,0.549,5.434,0.43,271.241,7.824,15.506,15.373,7.879,6.327,6.189,5.732,5.489,271.554,5.504,15.862,271.869,5.466,16.181,21.668,32.206,44.729,19.314,48.902,46.41,17.121,21.442,48.858,272.09,281.203,272.107,49.114,272.062,16.775,22.057,32.477,44.988,49.148,61.312,80.455,125.281
speech-e5a530f1-f4a6-45d6-8fe2-b502f83af2ea,1790725627910910500,43.102,0.0,43.136,56.414,104.68,155.296,347.063,0,58,57,58,57,4.544,0.37,4.584,0.315,330.365,6.284,12.572,12.446,6.337,5.296,5.174,4.844,4.634,330.539,4.648,12.913,330.809,4.615,13.173,18.856,31.695,56.336,15.971,42.665,41.724,13.809,16.784,42.624,331.01,346.847,331.028,42.864,330.982,13.613,19.156,32.462,56.577,42.897,56.181,104.37,155.047
speech-7e237a26-0c9d-4ba0-a758-5a06cfc6d414,1790725627930329589,66.377,0.0,66.408,84.863,101.756,152.461,477.676,0,46,45,46,45,10.985,0.315,11.019,0.283,467.719,20.16,28.069,27.931,20.215,13.25,12.943,12.014,11.058,467.912,11.072,28.214,468.222,11.04,28.428,37.081,49.873,62.776,31.126,65.925,63.42,28.956,34.748,65.871,468.417,477.498,468.434,66.181,468.392,28.84,37.436,50.229,63.085,66.216,84.624,101.547,152.235
speech-9723b0fa-9356-46a6-939c-4acd6cda1c0a,1790725627931894404,64.913,0.0,64.934,83.395,100.279,150.986,302.027,0,46,45,46,45,9.541,0.213,9.566,0.183,295.649,18.675,26.722,26.423,18.693,11.763,11.092,10.579,9.594,295.852,9.613,27.187,296.173,9.581,27.307,35.654,48.457,61.351,29.595,64.426,61.899,27.717,33.21,64.33,296.406,301.886,296.431,64.719,296.381,27.611,36.125,48.894,61.751,64.76,83.16,100.082,150.758
speech-e09ad43c-c1d1-473f-acb7-af4da6f0e0e8,1790725628482551956,44.465,0.0,44.497,56.805,75.906,121.004,346.078,0,56,55,56,55,5.091,0.304,5.127,0.265,336.062,6.751,13.07,12.954,6.803,5.748,5.632,5.383,5.168,336.248,5.182,13.304,336.556,5.149,13.472,19.327,27.389,40.224,19.624,44.092,41.611,17.222,21.332,44.05,336.756,345.882,336.774,44.271,336.726,13.749,19.822,27.631,40.464,44.3,56.609,75.701,120.751
speech-c83a9737-c65b-4963-9171-02de217ecc9f,1790725630113370278,40.332,0.0,40.366,52.541,74.968,119.938,328.58,0,56,55,56,55,4.616,0.355,4.658,0.299,318.585,6.363,12.481,12.363,6.418,5.396,5.271,4.927,4.701,318.77,4.716,12.801,319.076,4.683,13.042,18.813,31.605,41.706,15.785,39.933,37.434,13.618,16.715,39.892,319.288,328.421,319.307,40.117,319.257,13.412,19.119,31.855,41.967,40.159,52.331,74.752,119.715
speech-315fad87-f7d3-4549-a117-47d604e184fc,1790725630785659812,41.312,0.0,41.35,52.371,74.869,119.885,239.508,0,50,49,50,49,4.169,0.266,4.206,0.226,229.411,5.772,11.639,11.522,5.834,4.883,4.75,4.449,4.247,229.663,4.261,11.982,229.979,4.229,12.151,17.866,30.434,41.208,14.683,40.941,39.457,12.534,15.833,40.903,230.196,239.343,230.214,41.118,230.166,12.414,18.117,30.668,41.46,41.148,52.163,74.654,119.643
speech-aa3916e9-cab0-4008-8bb9-78dd5d19916d,1790725631541049708,41.532,0.0,41.565,54.956,75.233,120.474,293.341,0,50,49,50,49,4.014,0.265,4.049,0.233,283.224,5.675,11.511,11.385,5.727,4.752,4.636,4.302,4.089,283.431,4.11,11.791,283.798,4.071,11.986,17.825,30.357,41.408,14.648,41.16,39.455,12.485,15.743,41.118,283.997,293.18,284.014,41.323,283.97,12.281,18.084,30.609,41.66,41.353,54.746,75.034,120.223
speech-e1524d82-f55f-4f93-8702-1d3236c2180b,1790725634361730481,38.001,0.0,38.038,50.214,72.53,117.553,166.709,0,40,39,40,39,4.673,0.405,4.718,0.345,160.563,6.703,13.206,13.084,6.766,5.494,5.375,4.997,4.775,160.815,4.79,13.603,161.114,4.755,13.857,19.432,29.943,39.315,16.852,37.499,34.985,14.627,19.184,37.457,161.322,166.515,161.339,37.758,161.294,14.347,19.841,30.396,39.607,37.795,49.999,72.32,117.323
speech-9efb2daa-3ae1-48bb-ba2a-9acae53578bb,1790725640422273117,41.851,0.0,41.884,55.093,75.326,120.612,240.406,0,41,40,41,40,4.763,0.45,4.803,0.374,230.393,6.843,13.575,13.451,6.901,5.64,5.506,5.064,4.848,230.637,4.861,13.856,230.945,4.827,14.148,19.983,30.293,41.596,17.298,41.351,39.813,15.09,19.516,41.308,231.156,240.301,231.178,41.592,231.129,14.753,20.425,30.566,41.903,41.627,54.871,75.113,120.376
speech-4cc500a1-b472-4271-81a8-89d27addb508,1790725643704231470,39.486,0.0,39.517,67.624,108.958,153.749,296.445,0,41,40,41,40,6.765,0.501,6.804,0.443,282.818,8.854,15.872,15.746,8.91,7.626,7.48,7.093,6.864,283.041,6.879,16.215,283.35,6.841,16.51,39.265,45.752,58.471,19.445,39.057,37.337,17.261,20.173,39.013,283.567,296.249,283.587,39.237,283.536,17.032,39.559,45.999,58.728,39.273,67.374,108.747,153.511
speech-9dc4f7fe-8816-437b-ba61-28959e82b56b,1790725643704634282,82.15,0.0,82.179,95.852,110.885,153.44,348.823,0,86,85,86,85,9.523,0.232,9.56,0.206,338.548,19.213,27.029,26.912,19.266,17.133,17.008,16.679,9.596,338.759,9.61,27.399,339.059,9.58,27.571,39.044,45.503,58.246,40.815,81.755,80.183,27.983,43.548,81.706,339.278,348.61,339.304,81.961,339.246,27.864,39.461,45.821,58.57,81.994,95.624,110.653,153.202
speech-459f29bf-b814-4608-a664-2d4db1bcf52c,1790725645974103302,53.51,0.0,53.544,65.673,82.591,163.124,251.945,0,86,85,86,85,5.311,0.391,5.357,0.32,235.095,7.084,13.165,13.047,7.136,6.076,5.956,5.641,5.403,235.287,5.418,13.549,235.609,5.383,13.827,19.435,32.055,44.543,16.665,53.104,50.608,14.493,17.366,53.064,235.82,251.752,235.839,53.271,235.789,14.274,19.741,32.31,44.784,53.304,65.455,82.353,162.9
speech-5e76d9ce-c678-445f-b776-22f79404026c,1790725646044965137,57.118,0.0,57.156,69.608,94.574,137.454,263.618,0,54,53,54,53,6.799,0.272,6.836,0.24,253.57,16.426,22.251,22.136,16.483,13.628,13.497,12.872,6.902,253.766,6.916,22.458,254.062,6.883,22.592,28.455,41.261,53.835,25.097,56.746,54.232,22.957,26.489,56.7,254.266,263.414,254.284,56.926,254.239,22.851,28.804,41.688,54.164,56.958,69.395,94.366,137.196
speech-92ff7a51-af3b-4054-a92b-45124cf5aacd,1790725647114830065,33.986,0.0,34.018,46.146,70.993,116.264,194.241,0,40,39,40,39,4.222,0.325,4.259,0.276,184.223,5.884,11.833,11.705,5.936,4.988,4.874,4.511,4.303,184.476,4.317,12.069,184.775,4.284,12.288,18.046,30.689,37.655,14.932,33.589,31.108,12.785,16.012,33.547,184.965,194.074,184.983,33.784,184.94,12.64,18.326,30.934,37.994,33.818,45.937,70.786,116.039
speech-c8cb8551-e517-46b6-a516-1fb7623993fd,1790725647964098230,43.581,0.0,43.613,54.683,77.192,122.517,454.449,0,58,57,58,57,4.433,0.317,4.475,0.265,444.293,6.13,11.979,11.862,6.185,5.174,5.056,4.742,4.519,444.488,4.534,12.298,444.786,4.499,12.523,18.275,30.927,43.413,15.254,43.176,41.653,13.094,16.198,43.136,444.999,454.245,445.018,43.364,444.966,12.936,18.549,31.184,43.664,43.4,54.471,76.997,122.294
speech-c3b2c02d-d9ae-4536-81d3-2449359681d1,1790725651115906700,43.669,0.0,43.702,54.685,77.133,122.507,559.111,0,58,57,58,57,4.359,0.343,4.398,0.28,542.401,6.091,12.056,11.938,6.146,5.082,4.963,4.655,4.439,542.582,4.454,12.386,542.878,4.421,12.612,18.289,30.995,43.488,15.371,43.255,41.733,13.192,16.26,43.208,543.083,558.944,543.1,43.444,543.056,13.012,18.644,31.244,43.759,43.476,54.449,76.922,122.275
speech-5aff1fb6-8924-49ae-91b6-40d2a1ada3ce,1790725651468224836,49.513,0.0,49.542,60.747,86.851,134.419,292.483,0,66,65,66,65,7.576,0.275,7.613,0.243,282.481,13.726,19.693,19.559,13.778,11.19,11.045,10.437,7.654,282.685,7.668,19.972,282.986,7.636,20.117,25.859,38.604,49.718,22.616,49.159,47.581,20.473,23.918,49.116,283.197,292.319,283.214,49.316,283.169,20.37,26.207,38.894,50.075,49.353,60.542,86.654,134.162
speech-3ddd4eac-938a-40d0-80c5-1a3eb361c9f6,1790725651774067850,59.353,0.0,59.39,71.499,88.358,130.277,197.264,0,63,62,63,62,4.52,0.28,4.556,0.248,187.202,6.048,11.896,11.779,6.101,5.182,5.072,4.798,4.595,187.433,4.609,12.186,187.729,4.578,12.339,18.049,26.297,39.025,18.318,58.963,56.488,16.033,20.045,58.924,187.938,197.088,187.955,59.151,187.908,12.638,18.432,26.532,39.258,59.188,71.291,88.162,130.049
speech-8be9a511-b078-4d45-aed4-ebdc5022c6bf,1790725653268078422,53.308,0.0,53.339,65.291,114.075,159.944,371.615,0,63,62,63,62,4.398,0.287,4.436,0.244,350.521,6.032,11.888,11.771,6.083,5.095,4.975,4.673,4.476,350.712,4.49,12.204,351.002,4.458,12.417,18.166,30.898,43.799,15.083,52.922,52.518,12.934,16.103,52.884,351.209,371.444,351.227,53.105,351.181,12.777,18.446,31.145,44.121,53.136,65.073,113.842,159.711
speech-7f03eabe-41e9-439c-b968-eed290aedcda,1790725653303225021,61.352,0.0,61.38,81.263,96.064,144.261,305.306,0,77,76,77,76,7.072,0.228,7.105,0.19,287.452,16.605,22.478,22.361,16.662,9.149,9.04,8.469,7.143,287.654,7.156,22.697,287.956,7.126,22.855,33.284,45.947,58.499,25.345,61.005,58.829,23.209,25.784,60.961,288.162,305.117,288.18,61.171,288.136,23.106,33.678,46.206,58.776,61.201,81.05,95.86,143.994
speech-ed3af3e7-b3da-489d-85f2-e317376054bb,1790725653439196227,48.448,0.0,48.477,64.959,88.97,135.996,401.102,0,56,55,56,55,8.372,0.293,8.409,0.261,391.035,15.144,20.964,20.845,15.197,12.87,12.75,11.922,8.448,391.264,8.461,21.229,391.575,8.431,21.404,27.316,39.992,50.145,23.912,48.072,45.577,21.758,25.199,48.03,391.773,400.928,391.791,48.261,391.746,21.651,27.636,40.448,50.566,48.294,64.755,88.773,135.772
speech-ed1cdb2a-acac-45e3-9318-4713b3062f66,1790725654469487162,39.906,0.0,39.938,51.992,74.438,119.719,214.568,0,56,55,56,55,4.413,0.318,4.45,0.267,204.459,6.08,12.205,12.087,6.134,5.151,5.026,4.716,4.495,204.657,4.511,12.486,204.964,4.475,12.668,18.526,31.162,41.192,15.377,39.522,37.025,13.203,16.417,39.481,205.164,214.385,205.182,39.704,205.137,13.062,18.815,31.423,41.464,39.737,51.78,74.23,119.486
speech-5e62b96a-5247-498c-8cc3-bf0e2b8c96aa,1790725655244062362,40.305,0.0,40.337,52.498,74.799,119.988,214.962,0,56,55,56,55,4.609,0.292,4.645,0.256,204.741,6.288,12.524,12.407,6.35,5.299,5.188,4.904,4.684,204.941,4.699,12.69,205.261,4.667,12.87,18.59,32.192,41.637,15.43,39.929,37.441,13.294,16.699,39.892,205.489,214.783,205.508,40.106,205.451,13.164,18.848,32.49,41.879,40.138,52.288,74.601,119.764
speech-171a4ab6-5211-4343-b59f-a2508a9339ad,1790725656983951205,43.212,0.0,43.253,54.346,76.902,122.199,141.441,0,43,42,43,42,4.511,0.338,4.553,0.291,131.387,6.398,12.509,12.384,6.453,5.292,5.169,4.844,4.605,131.666,4.619,12.759,131.973,4.584,12.994,18.794,31.439,43.109,15.774,42.8,41.295,13.608,16.713,42.76,132.189,141.281,132.207,42.988,132.162,13.415,19.101,31.718,43.375,43.023,54.134,76.691,121.963
speech-ffd17e5e-7815-4d93-8528-ee6497c20fd7,1790725657395993669,38.492,0.0,38.524,50.681,73.09,118.28,167.419,0,44,43,44,43,3.988,0.248,4.023,0.214,161.291,5.563,11.34,11.212,5.615,4.717,4.6,4.258,4.063,161.53,4.077,11.641,161.851,4.045,11.81,17.53,30.246,39.794,14.37,38.119,35.623,12.231,15.513,38.08,162.074,167.226,162.092,38.289,162.037,12.099,17.79,30.521,40.046,38.321,50.477,72.886,118.064
speech-26e94cae-a71e-41dc-9a24-78add8e06c8e,1790725657843084924,46.767,0.0,46.794,58.944,78.186,123.477,438.647,0,60,59,60,59,4.333,0.26,4.376,0.224,428.515,5.885,12.476,12.351,5.937,5.013,4.904,4.615,4.416,428.775,4.43,12.7,429.091,4.398,12.959,18.746,31.292,44.113,15.576,46.397,43.896,13.418,16.686,46.34,429.289,438.472,429.307,46.574,429.262,13.262,19.012,31.585,44.347,46.606,58.729,77.979,123.232
speech-7f76eb7a-7028-41a8-addc-a22ffbe708db,1790725659696716231,53.483,0.0,53.517,65.732,82.622,127.875,331.716,0,85,84,85,84,5.326,0.345,5.365,0.295,321.685,7.076,13.016,12.899,7.143,6.064,5.942,5.62,5.41,321.889,5.424,13.331,322.194,5.391,13.554,19.376,32.194,44.799,16.281,53.094,50.619,14.102,17.254,53.056,322.405,331.556,322.431,53.257,322.373,13.924,19.645,32.438,45.033,53.293,65.516,82.388,127.644
speech-72b59ab1-1c91-42f5-a813-691c1b01509e,1790725661422383069,53.639,0.0,53.674,65.548,82.393,127.723,319.694,0,85,84,85,84,5.475,0.57,5.529,0.415,313.617,7.317,13.272,13.155,7.374,6.265,6.112,5.794,5.581,313.866,5.596,13.586,314.178,5.562,13.855,19.52,32.044,44.729,16.603,53.165,50.654,14.424,17.467,53.11,314.387,319.516,314.405,53.395,314.355,14.24,19.802,32.3,44.97,53.427,65.331,82.179,127.502
speech-b0970c56-2ab2-422e-9501-870de8311aa6,1790725661743537031,42.851,0.0,42.883,55.042,74.307,119.589,441.76,0,56,55,56,55,4.289,0.287,4.328,0.256,420.628,5.784,11.605,11.49,5.83,4.948,4.834,4.565,4.365,420.838,4.378,11.927,421.138,4.348,12.086,17.763,26.003,38.618,18.026,42.449,39.947,15.773,19.776,42.403,421.337,441.565,421.354,42.607,421.311,12.368,18.097,26.255,38.849,42.684,54.826,74.107,119.36
speech-2a7c06c7-7e00-42f2-978b-d0edb7e8683e,1790725661955003738,37.193,0.0,37.218,49.518,82.771,125.343,258.286,0,40,39,40,39,3.899,0.283,3.933,0.251,248.282,9.522,15.327,15.211,9.575,6.925,6.764,6.223,3.97,248.489,3.983,15.536,248.777,3.953,15.686,21.455,34.12,41.11,18.295,36.821,34.474,16.095,19.557,36.767,248.984,258.106,249.001,37.002,248.958,15.95,21.805,34.532,41.437,37.041,49.295,82.565,125.119
speech-b027b7a9-ad83-41a4-8e1f-e7bbe372bf50,1790725663178626905,43.727,0.0,43.76,57.196,77.64,122.917,122.976,0,58,57,58,57,4.389,0.281,4.423,0.244,112.997,6.114,12.023,11.906,6.167,5.144,5.022,4.698,4.463,113.187,4.477,12.246,113.483,4.446,12.458,18.365,31.025,43.613,15.246,43.356,41.818,13.08,16.245,43.316,113.68,122.766,113.699,43.53,113.653,12.921,18.639,31.267,43.854,43.56,56.981,77.435,122.679
speech-c593b424-f7a6-4c8e-8cf5-b6e68816ea1f,1790725663717321113,43.082,0.0,43.114,54.197,76.783,121.986,378.568,0,58,57,58,57,4.177,0.298,4.213,0.257,368.559,5.74,11.546,11.43,5.794,4.861,4.746,4.462,4.258,368.747,4.272,11.829,369.047,4.241,12.026,17.887,30.472,42.981,14.636,42.709,41.192,12.47,15.792,42.667,369.248,378.402,369.266,42.88,369.22,12.341,18.161,30.71,43.252,42.911,53.981,76.579,121.751
speech-a483300c-76ed-486b-b18a-ec40e7bf84f0,1790725664572789401,43.565,0.0,43.594,54.573,77.161,122.337,219.068,0,60,59,60,59,4.43,0.286,4.467,0.24,212.918,6.025,11.88,11.765,6.077,5.13,5.023,4.734,4.508,213.171,4.522,12.2,213.474,4.489,12.408,18.142,30.649,43.335,15.021,43.099,41.588,12.873,16.076,43.059,213.676,218.873,213.694,43.266,213.643,12.712,18.424,30.899,43.569,43.295,54.363,76.959,122.116
speech-bf75e2d9-95f0-47bc-b2ac-69d9eac0e923,1790725665621052414,43.034,0.0,43.065,54.076,76.502,121.689,264.057,0,60,59,60,59,4.19,0.305,4.228,0.254,253.733,5.752,11.505,11.378,5.802,4.878,4.764,4.485,4.279,254.069,4.293,11.754,254.404,4.26,11.969,17.807,30.414,42.876,14.623,42.662,41.195,12.462,15.716,42.622,254.611,263.867,254.63,42.838,254.579,12.287,18.072,30.655,43.113,42.869,53.869,76.292,121.471
speech-50d6c29b-f70d-4071-a980-57bce247f735,1790725666852499162,46.419,0.0,46.451,58.548,77.748,122.931,343.45,0,76,75,76,75,4.689,0.318,4.738,0.264,333.363,6.276,12.095,11.978,6.328,5.375,5.258,4.979,4.781,333.634,4.795,12.408,333.942,4.762,12.636,18.324,30.956,43.872,15.332,46.019,43.527,13.157,16.284,45.967,334.14,343.288,334.157,46.211,334.115,12.942,18.585,31.211,44.213,46.241,58.344,77.542,122.711
speech-4aea98f9-cfc4-4d8e-aa79-eb88964a6291,1790725669783103261,52.066,0.0,52.108,64.212,80.999,125.826,481.558,0,62,61,62,61,4.72,0.389,4.768,0.303,468.7,6.472,12.82,12.702,6.529,5.461,5.328,5.021,4.812,468.919,4.826,13.142,469.247,4.793,13.412,19.062,31.804,44.465,16.271,51.644,49.136,14.093,17.016,51.602,469.46,481.402,469.485,51.847,469.432,13.852,19.366,32.059,44.725,51.879,63.993,80.788,125.598
speech-c8d24809-f226-4eed-9a97-995960575d97,1790725669934115159,55.26,0.0,55.289,67.636,84.749,132.727,401.915,0,62,61,62,61,6.228,0.243,6.265,0.214,391.921,9.739,15.515,15.399,9.795,7.541,7.419,7.101,6.308,392.123,6.323,15.646,392.43,6.289,15.781,21.575,34.265,47.758,18.26,54.893,52.399,16.113,19.697,54.852,392.628,401.731,392.645,55.072,392.601,16.019,21.923,34.538,48.109,55.102,67.437,84.553,132.5
speech-3b668bc4-2ebf-46f2-badb-4bb8e1552010,1790725671400595555,52.064,0.0,52.099,64.129,81.082,126.21,215.543,0,61,60,61,60,5.054,0.303,5.096,0.264,205.338,6.931,13.299,13.182,6.984,5.839,5.698,5.356,5.137,205.616,5.152,13.615,205.964,5.118,13.817,19.647,32.34,44.77,16.421,51.661,49.176,14.274,17.536,51.616,206.183,215.36,206.209,51.839,206.151,14.133,19.919,32.658,45.036,51.879,63.917,80.871,125.973
speech-7283f0ae-f199-45ec-9a30-e359b2f40112,1790725672524540483,39.241,0.0,39.273,51.257,73.75,118.765,213.809,0,41,40,41,40,4.405,0.339,4.451,0.289,203.709,6.112,12.002,11.876,6.164,5.159,5.031,4.708,4.492,203.952,4.507,12.347,204.26,4.474,12.577,18.336,31.12,40.481,15.254,38.83,36.367,13.104,16.22,38.789,204.453,213.625,204.471,39.032,204.427,12.892,18.59,31.36,40.735,39.065,51.039,73.531,118.542
speech-6e84c04c-64fb-472a-b095-a1d1bcd6b719,1790725674421718305,40.058,0.0,40.09,51.647,74.159,119.173,303.154,0,41,40,41,40,4.284,0.393,4.324,0.334,292.96,6.112,12.567,12.449,6.166,5.069,4.945,4.587,4.367,293.215,4.381,12.843,293.515,4.348,13.113,18.81,31.717,40.959,15.96,39.633,36.832,13.801,16.764,39.583,293.733,302.983,293.759,39.827,293.7,13.549,19.164,31.977,41.225,39.862,51.43,73.946,118.942
speech-c5d05769-c401-4561-a8dc-27f42cae7702,1790725675020684145,55.038,0.0,55.071,66.086,82.881,127.93,348.239,0,63,62,63,62,4.598,0.258,4.649,0.226,338.163,6.203,12.108,11.991,6.255,5.337,5.223,4.909,4.691,338.407,4.706,12.402,338.698,4.672,12.58,18.43,31.173,43.783,15.218,54.657,53.141,13.06,16.31,54.62,338.898,348.077,338.916,54.844,338.869,12.879,18.697,31.415,44.019,54.877,65.868,82.658,127.709
speech-0f25e49b-762d-45a1-b9f2-423f1fe3465c,1790725675490452899,50.672,0.0,50.705,62.754,79.577,124.607,296.817,0,62,61,62,61,4.427,0.3,4.475,0.251,286.704,6.02,11.85,11.733,6.071,5.141,5.016,4.718,4.518,286.958,4.532,12.21,287.282,4.499,12.433,18.189,30.73,43.291,15.041,50.29,47.834,12.888,16.093,50.251,287.487,296.625,287.505,50.473,287.457,12.741,18.448,31.024,43.545,50.504,62.551,79.353,124.377
speech-fdf858f4-38ec-41c4-a71e-2b2d3d33662f,1790725676307235984,38.313,0.0,38.346,50.516,72.937,117.883,290.421,0,41,40,41,40,3.984,0.333,4.024,0.281,274.961,5.599,11.428,11.312,5.65,4.702,4.597,4.299,4.067,275.221,4.08,11.594,275.54,4.048,11.817,17.727,30.268,39.465,14.482,37.908,35.412,12.322,15.638,37.868,275.743,290.202,275.761,38.085,275.715,12.157,18.017,30.527,39.708,38.117,50.303,72.729,117.655
speech-7b971b15-0554-4f44-984a-cf8993d1b640,1790725676571422196,49.814,0.0,49.845,60.914,83.366,128.68,319.408,0,41,40,41,40,5.856,0.301,5.893,0.259,313.224,14.084,20.381,20.263,14.135,12.146,12.035,11.75,5.936,313.409,5.952,20.696,313.706,5.917,20.848,27.514,38.14,49.667,25.776,49.446,47.894,21.241,27.375,49.404,313.907,319.204,313.925,49.625,313.877,21.13,27.847,38.38,49.898,49.661,60.701,83.159,128.455
speech-b85b6ce1-c526-4287-b2c7-cbe7d4c7d21e,1790725677317615501,34.877,0.0,34.907,47.232,72.107,117.724,316.178,0,48,47,48,47,4.032,0.251,4.073,0.218,306.243,5.576,11.396,11.28,5.638,4.694,4.586,4.306,4.114,306.469,4.127,11.628,306.749,4.097,11.804,17.683,30.314,38.566,14.402,34.511,32.031,12.257,15.613,34.472,306.963,316.011,306.981,34.683,306.935,12.103,17.958,30.558,38.886,34.713,47.01,71.908,117.492
speech-334bbc2d-a8ef-4777-9d28-f9f2d1eb6ee8,1790725677422771608,42.84,0.0,42.868,55.199,78.233,129.855,181.437,0,48,47,48,47,5.523,0.227,5.558,0.198,164.516,13.842,19.593,19.472,13.896,8.93,8.81,8.304,5.597,164.687,5.61,19.914,164.989,5.58,20.075,25.785,38.375,46.714,22.606,42.462,39.973,20.455,24.785,42.418,165.205,181.277,165.224,42.642,165.172,20.337,26.158,38.777,47.134,42.686,54.991,78.024,129.625
speech-cf04b9f4-e08a-4943-8dd6-7ba4e96d5901,1790725679071764312,39.043,0.0,39.078,51.287,73.719,118.859,369.211,0,44,43,44,43,4.115,0.343,4.153,0.289,359.068,5.755,11.572,11.454,5.812,4.821,4.7,4.404,4.195,359.315,4.209,11.875,359.622,4.176,12.118,17.942,30.675,40.427,14.995,38.614,36.106,12.7,15.812,38.571,359.878,369.019,359.897,38.816,359.843,12.496,18.223,30.927,40.675,38.851,51.07,73.5,118.63
speech-083a13f1-1c7d-48a9-b37e-059ddc1d4ec0,1790725681351724524,46.884,0.0,46.917,59.011,78.271,123.908,349.77,0,51,50,51,50,4.486,0.367,4.526,0.309,339.511,6.226,12.296,12.179,6.281,5.236,5.118,4.801,4.574,339.78,4.588,12.665,340.1,4.549,12.921,18.522,31.111,43.733,15.746,46.455,44.046,13.57,16.49,46.408,340.317,349.591,340.334,46.65,340.289,13.347,18.806,31.582,44.008,46.686,58.781,78.03,123.494
speech-8809c08c-0131-471c-9a1a-8369ff2b38b2,1790725681901228451,35.489,0.0,35.522,47.767,72.737,117.972,237.649,0,48,47,48,47,4.313,0.339,4.357,0.303,227.51,5.99,11.974,11.859,6.043,5.038,4.927,4.612,4.4,227.752,4.414,12.27,228.059,4.381,12.462,18.231,30.851,39.193,15.119,35.093,32.607,12.956,16.194,35.053,228.266,237.484,228.285,35.27,228.237,12.803,18.501,31.096,39.51,35.304,47.543,72.514,117.738
speech-241c9bbd-498d-4d13-a953-568b669c2059,1790725685067569478,36.044,0.0,36.079,48.162,72.997,118.652,202.333,0,48,47,48,47,4.383,0.406,4.423,0.342,185.821,6.325,12.567,12.447,6.379,5.195,5.071,4.703,4.467,186.053,4.482,12.814,186.347,4.448,13.1,18.807,31.379,39.661,16.027,35.593,33.107,13.815,16.763,35.552,186.553,202.196,186.572,35.787,186.522,13.584,19.094,31.632,40.01,35.823,47.938,72.785,118.397
speech-6fa717ea-061d-49d1-b34c-f1174bad6979,1790725685171725552,57.019,0.0,57.048,69.472,88.974,137.354,232.283,0,47,46,47,46,6.502,0.281,6.539,0.25,222.194,15.766,21.589,21.473,15.821,10.93,10.806,10.211,6.583,222.385,6.599,21.867,222.681,6.563,22.009,27.711,40.37,52.909,24.531,56.656,54.182,22.378,25.802,56.621,222.907,232.103,222.926,56.801,222.875,22.255,28.083,40.615,53.202,56.838,69.264,88.768,137.126
speech-ea23415b-f5e0-4c13-b3b6-dd46b7c0aaa3,1790725685451413321,50.305,0.0,50.341,61.325,78.254,123.539,355.117,0,54,53,54,53,4.247,0.324,4.281,0.288,341.324,5.778,11.556,11.44,5.831,4.927,4.815,4.527,4.328,341.519,4.341,11.849,341.803,4.31,12.035,17.728,25.931,38.68,17.99,49.852,48.253,15.717,19.697,49.811,342.012,354.902,342.034,50.061,341.983,12.486,18.1,26.45,39.012,50.104,61.092,78.045,123.305
speech-f7cac5d8-d4ad-438e-ba4a-eab31dd8173a,1790725685748612038,44.019,0.0,44.044,57.778,77.878,123.105,219.646,0,41,40,41,40,5.739,0.31,5.784,0.28,213.559,9.665,15.459,15.345,9.718,6.895,6.78,6.421,5.825,213.816,5.846,15.662,214.134,5.807,15.815,22.154,32.575,43.837,20.029,43.656,42.134,16.145,21.519,43.618,214.343,219.459,214.36,43.839,214.312,16.044,22.528,32.872,44.134,43.872,57.572,77.645,122.876
speech-91799de9-1ba9-431e-8e54-230f441f341c,1790725686512103289,33.706,0.0,33.739,45.881,70.602,115.684,193.476,0,40,39,40,39,3.997,0.28,4.037,0.234,183.469,5.669,11.599,11.484,5.721,4.705,4.588,4.284,4.079,183.724,4.093,11.979,184.013,4.059,12.198,17.81,30.466,37.406,14.885,33.328,30.875,12.738,15.767,33.292,184.207,193.303,184.224,33.497,184.181,12.563,18.092,30.722,37.737,33.532,45.674,70.407,115.468
speech-81cc5da7-7939-42fe-8528-dab7e5953205,1790725687452135622,33.612,0.0,33.646,45.697,70.511,115.853,371.913,0,40,39,40,39,3.955,0.384,3.99,0.298,361.766,5.506,11.319,11.195,5.57,4.607,4.498,4.22,4.031,362.013,4.045,11.476,362.33,4.013,11.656,17.604,30.288,37.268,14.285,33.157,30.7,12.135,15.512,33.12,362.539,371.724,362.556,33.354,362.509,11.976,17.875,30.578,37.561,33.392,45.473,70.292,115.534
speech-3e4894eb-b17b-46b5-aa35-45701e734866,1790725687983856573,46.068,0.0,46.101,58.272,77.502,122.671,490.275,0,53,52,53,52,4.139,0.269,4.186,0.23,480.059,5.709,11.525,11.411,5.76,4.85,4.737,4.43,4.226,480.292,4.239,11.867,480.768,4.208,12.07,17.748,30.433,42.947,14.752,45.696,43.316,12.574,15.719,45.655,480.965,490.096,480.982,45.873,480.939,12.399,18.018,30.679,43.19,45.901,58.05,77.299,122.436
speech-e628805c-30ab-452a-8b5c-17a7aacb47ec,1790725688108519961,47.157,0.0,47.189,58.372,80.447,130.746,262.685,0,43,42,43,42,5.699,0.247,5.735,0.21,245.942,10.768,16.523,16.408,10.82,8.142,8.029,7.691,5.774,246.15,5.787,16.786,246.431,5.756,16.963,22.674,35.358,47.166,19.422,46.761,45.197,17.277,20.725,46.726,246.627,262.537,246.644,46.958,246.603,17.186,22.963,35.725,47.511,46.99,58.161,80.25,130.522
speech-9272aca8-dcc6-4155-bff0-92e10f40b766,1790725690108278757,39.24,0.0,39.276,51.137,73.56,118.58,344.39,0,44,43,44,43,4.226,0.36,4.265,0.297,334.315,5.911,11.893,11.777,5.966,4.926,4.809,4.509,4.307,334.509,4.321,12.24,334.822,4.288,12.474,18.269,30.947,40.43,15.516,38.798,36.319,13.086,16.124,38.756,335.02,344.215,335.037,38.998,334.994,12.886,18.566,31.212,40.699,39.032,50.918,73.346,118.346
speech-e6d41e4f-e3ae-4b9e-b183-a52c1599346e,1790725690604315903,53.091,0.0,53.139,65.274,82.036,127.025,294.598,0,86,85,86,85,5.091,0.29,5.131,0.254,284.557,6.608,12.531,12.415,6.661,5.759,5.657,5.362,5.171,284.817,5.186,12.837,285.12,5.153,13.02,18.914,31.695,44.201,15.646,52.731,50.238,13.49,16.755,52.69,285.318,294.432,285.342,52.888,285.291,13.345,19.169,31.931,44.429,52.926,65.064,81.836,126.795
